{"AUC": 0.9533704804760466, "confusion_matrix": {"_type": "image-file", "sha256": "ce0d3031543922f116b08ff5d13b69ec7fee76003b290578b5ab015f4658a0ae", "size": 93793, "path": "media/images/confusion_matrix_0_ce0d3031543922f116b0.png", "format": "png", "width": 1000, "height": 1000}, "_timestamp": 1661676148.200691, "_runtime": 18.20464301109314, "_step": 0, "_wandb": {"runtime": 17}}